condition,n_trials,A,sigma,peak_bias,r2
Overall,902,0.019999999999999997,107.69239795421005,1.3063748235440493,-0.1354710975479212
Color Task,488,0.014313805384381487,38.97545397535533,0.3383756083490375,-2.06146597814253
Orientation Task,414,0.019999999999999997,119.99999999999999,1.4556735833103198,0.07731225277514431
Active Retrieval,474,0.019999999999999997,119.99999999999997,1.4556735833103196,0.09434689529787899
Passive Retrieval,428,0.019999999999999997,98.67547037350701,1.1969939628619521,-0.42726354831227376
CC (Color→Color),55,-0.019999999999999997,24.293668743083593,-0.29469709859165344,-0.12275225818843682
AA (Active→Active),245,0.019999999999999997,119.99999999999999,1.4556735833103198,0.041505917225964084
AC (Active→Color),108,0.019999999999999227,32.3029161499488,0.3918541808613914,-0.9518821032330989
CA (Color→Active),115,0.019999999999999997,119.99999999999997,1.4556735833103196,-0.022817328838368844
