subject,task,n_trials,r_circular,r_sin,r_cos,beta_sin,beta_cos,r_pearson,p_pearson
813125,color,238,0.1722274349113306,0.1721588206295623,-0.004861050871448713,7.750061849833948,-0.6902060899031053,0.19479774820838003,0.0025416462086918085
813125,orientation,221,0.20629143220009183,0.12723749398839548,0.16237849341189894,2.710437157711209,8.813534806970399,0.12619364691892615,0.06108787981493593
KL,color,257,0.273643635147567,0.2735111706040886,-0.008513437117634654,7.0364494737771155,0.0028606910920900602,0.17845072164152562,0.004105907353354807
KL,orientation,202,0.11487163394398825,-0.018902418143645912,-0.11330574068988913,-0.981382796923382,-7.072598553040367,-0.021326636445668137,0.7632149507611206
